Year,Month,Expenditure On R&D,Net Debt,RPI,Output Per Worker,House Prices,Wage - Annual Growth,Infex Of Production,Unemployed,Net Investment By UK Institutions,GDP,Inflation
1989,1,10904,155.98,111,70,152178.44,11.6,99.2,2213,8693,148383,5.7
1989,2,10978.67,154.84,111.8,69.9,153009.93,11.52,99.4,2179,8591,149266.67,5.8
1989,3,11053.33,153.7,112.3,69.8,153841.42,11.43,98.2,2140,8489,150150.33,5.9
1989,4,11128,153.55,114.3,69.8,154672.92,11.35,100.6,2106,8387,151034,5.6
1989,5,11202.67,153.4,115,69.8,154625.33,11.27,98,2083,9096.33,152439,5.9
1989,6,11277.33,153.25,115.4,69.8,154577.74,11.18,98.1,2071,9805.67,153844,5.8
1989,7,11352,153.1,115.5,69.77,154530.16,11.1,98.3,2057,10515,155249,5.7
1989,8,11426.67,152.95,115.8,69.73,152493.78,11.02,100.3,2045,9437.33,156404.33,5.5
1989,9,11501.33,152.8,116.6,69.7,150457.4,10.93,99.9,2034,8359.67,157559.67,5.7
1989,10,11576,152.65,117.5,69.7,148421.02,10.85,99.2,2027,7282,158715,5.8
1989,11,11650.67,152.5,118.5,69.7,146049.31,10.77,100.1,2021,6868.33,159752.67,5.7
1989,12,11725.33,152.35,118.8,69.7,143677.6,10.68,100,2012,6454.67,160790.33,5.8
1990,1,11800,152.2,119.5,69.83,141305.89,10.6,98.9,2006,6041,161828,5.9
1990,2,11818.92,152.05,120.2,69.97,138756.01,10.21,98.3,2004,6855.67,163315.67,6.3
1990,3,11837.83,151.9,121.4,70.1,136206.13,9.82,99.7,2004,7670.33,164803.33,6.2
1990,4,11856.75,151.83,125.1,70.17,133656.26,9.43,100.3,2004,8485,166291,7.7
1990,5,11875.67,151.77,126.2,70.23,131635.36,9.03,99.7,2002,7448.67,167332.33,8.2
1990,6,11894.58,151.7,126.7,70.3,129614.47,8.64,101.3,2009,6412.33,168373.67,8.2
1990,7,11913.5,151.63,126.8,70.13,127593.57,8.25,98.8,2024,5376,169415,8.2
1990,8,11932.42,151.57,128.1,69.97,125238.09,7.86,98.9,2049,6800.33,169577,8.9
1990,9,11951.33,151.5,129.3,69.8,122882.61,7.47,98.4,2079,8224.67,169739,9.2
1990,10,11970.25,151.43,130.3,69.9,120527.12,7.08,98.3,2115,9649,169901,9.2
1990,11,11989.17,151.37,130,70,120041.52,6.68,97.8,2158,8962.67,170918,9.2
1990,12,12008.08,151.3,129.9,70.1,119555.91,6.29,97.3,2196,8276.33,171935,9.2
1991,1,12027,151.23,130.2,70.23,119070.31,5.9,97,2244,7590,172952,8.6
1991,2,12055.17,151.17,130.9,70.37,118859.11,5.68,97,2306,8089,173639.67,8.2
1991,3,12083.33,151.1,131.4,70.5,118647.92,5.45,96,2378,8588,174327.33,8.3
1991,4,12111.5,152.33,133.1,70.73,118436.72,5.23,94.7,2442,9087,175015,8
1991,5,12139.67,153.55,133.5,70.97,117894.83,5,95.8,2492,8829,175544.67,7.5
1991,6,12167.83,154.78,134.1,71.2,117352.94,4.78,96.2,2540,8571,176074.33,7.7
1991,7,12196,156,133.8,71.43,116811.05,4.55,95.3,2585,8313,176604,7.5
1991,8,12224.17,157.23,134.1,71.67,115546.77,4.33,94.4,2624,8858.33,177455,7.5
1991,9,12252.33,158.45,134.6,71.9,114282.49,4.1,94.5,2652,9403.67,178306,6.9
1991,10,12280.5,159.68,135.1,72.1,113018.21,3.88,95.7,2675,9949,179157,6.5
1991,11,12308.67,160.9,135.6,72.3,111812.4,3.65,95.9,2697,9345,179676.67,6.5
1991,12,12336.83,162.13,135.7,72.5,110606.59,3.43,95.5,2714,8741,180196.33,6.5
1992,1,12365,163.35,135.6,72.57,109400.78,3.2,95.4,2735,8137,180716,6.2
1992,2,12433.67,164.58,136.3,72.63,108966.47,3.14,96,2762,8242.33,180845.33,6.3
1992,3,12502.33,165.8,136.7,72.7,108532.16,3.08,95.7,2782,8347.67,180974.67,6.2
1992,4,12571,168.81,138.8,72.83,108097.85,3.03,96.2,2796,8453,181104,5.2
1992,5,12639.67,171.82,139.3,72.97,107836.21,2.97,94.3,2777,8671.33,181262,5.1
1992,6,12708.33,174.83,139.3,73.1,107574.57,2.91,95.3,2803,8889.67,181420,4.6
1992,7,12777,177.83,138.8,73.37,107312.93,2.85,96.1,2816,9108,181578,4.5
1992,8,12845.67,180.84,138.9,73.63,105744.56,2.79,96,2815,9090.33,182574.33,3.7
1992,9,12914.33,183.85,139.4,73.9,104176.18,2.73,96.7,2850,9072.67,183570.67,3.7
1992,10,12983,186.86,139.9,74.23,102607.81,2.68,97.6,2899,9055,184567,3.5
1992,11,13051.67,189.87,139.7,74.57,102802.51,2.62,96.3,2932,9995,186028.33,3.3
1992,12,13120.33,192.88,139.2,74.9,102997.2,2.56,96.3,2983,10935,187489.67,3.2
1993,1,13189,195.88,137.9,75.1,103191.9,2.5,96.4,3023,11875,188951,3
1993,2,13230.25,198.89,138.8,75.3,103863.75,2.6,97.7,3004,11604.33,189108,3.1
1993,3,13271.5,201.9,139.3,75.5,104535.6,2.7,96.9,2988,11333.67,189265,3.2
1993,4,13312.75,210.1,140.6,75.63,105207.45,2.8,97,2952,11063,189422,2.6
1993,5,13354,214.7,141.1,75.77,104992.4,2.9,97.7,2931,11426.33,190562.33,2.3
1993,6,13395.25,216.1,141,75.9,104777.36,3,97.2,2927,11789.67,191702.67,2.2
1993,7,13436.5,220.4,140.7,76.1,104562.31,3.1,98.1,2906,12153,192843,2.3
1993,8,13477.75,224.9,141.3,76.3,103972.01,3.2,98.3,2890,12386.67,193626,2.6
1993,9,13519,229.8,141.9,76.5,103381.71,3.3,98.7,2892,12620.33,194409,2.7
1993,10,13560.25,230.1,141.8,76.67,102791.41,3.4,99,2885,12854,195192,2.4
1993,11,13601.5,231.1,141.6,76.83,102928.69,3.5,99.8,2892,14330.67,196168.33,2.1
1993,12,13642.75,234.9,141.9,77,103065.97,3.6,100.1,2892,15807.33,197144.67,2.3
1994,1,13684,234.7,141.3,77.2,103203.26,3.7,100.7,2845,17284,198121,2.6
1994,2,13713.17,238.5,142.1,77.4,102631.26,3.76,101,2806,15309.67,198701.67,2.4
1994,3,13742.33,249.8,142.5,77.6,102059.27,3.82,101.5,2769,13335.33,199282.33,2.2
1994,4,13771.5,254.3,144.2,77.83,101487.28,3.88,102.7,2750,11361,199863,2.4
1994,5,13800.67,259.1,144.7,78.07,101706.88,3.93,104.1,2736,12254.67,200611,2.4
1994,6,13829.83,262.9,144.7,78.3,101926.47,3.99,102.8,2705,13148.33,201359,2.3
1994,7,13859,265,144,78.43,102146.07,4.05,103.4,2691,14042,202107,2.1
1994,8,13888.17,268.7,144.7,78.57,102185.62,4.11,103.8,2639,12133.33,203514.33,2.2
1994,9,13917.33,273.5,145,78.7,102225.17,4.17,104.8,2608,10224.67,204921.67,1.9
1994,10,13946.5,274.4,145.2,78.83,102264.72,4.23,105,2556,8316,206329,1.8
1994,11,13975.67,277.3,145.3,78.97,101295.42,4.28,104.9,2521,8161.67,206594.67,2.1
1994,12,14004.83,278.4,146,79.1,100326.11,4.34,105.9,2497,8007.33,206860.33,2.2
1995,1,14034,275.3,146,79.1,99356.81,4.4,104.1,2496,7853,207126,2.4
1995,2,14068.42,280.7,146.9,79.1,99108.14,4.4,104.1,2497,8174.33,207981,2.3
1995,3,14102.83,290,147.5,79.1,98859.48,4.4,104.5,2490,8495.67,208836,2.4
1995,4,14137.25,293.9,149,79.03,98610.81,4.4,105.4,2473,8817,209691,2.3
1995,5,14171.67,297.7,149.6,78.97,98333.26,4.4,105.3,2445,10460.67,210974,2.6
1995,6,14206.08,301.4,149.8,78.9,98055.71,4.4,104.6,2448,12104.33,212257,2.7
1995,7,14240.5,302.6,149.1,79.03,97778.15,4.4,105.3,2439,13748,213540,2.8
1995,8,14274.92,306.4,149.9,79.17,97478.56,4.4,105.5,2447,13155.33,214419.67,2.7
1995,9,14309.33,310.7,150.6,79.3,97178.97,4.4,105.8,2438,12562.67,215299.33,3
1995,10,14343.75,310.5,149.8,79.23,96879.38,4.4,105.4,2421,11970,216179,3
1995,11,14378.17,313.6,149.8,79.17,96983.79,4.4,105.9,2353,12325,217567,2.9
1995,12,14412.58,313.6,150.7,79.1,97088.21,4.4,106.5,2377,12680,218955,3.1
1996,1,14447,308.7,150.2,79.33,97192.63,4.4,106.1,2357,13035,220343,2.9
1996,2,14467,311.7,150.9,79.57,97826.85,4.65,106.8,2330,13214.33,221892,3
1996,3,14487,322.1,151.5,79.8,98461.07,4.9,107,2350,13393.67,223441,3
1996,4,14507,324.9,152.6,79.9,99095.29,5.15,105.7,2347,13573,224990,2.8
1996,5,14527,329.3,152.9,80,99637.29,5.4,106.4,2340,15936.67,225974,2.8
1996,6,14547,333,153,80.1,100179.29,5.65,105.8,2314,18300.33,226958,2.8
1996,7,14567,331,152.4,80.2,100721.29,5.9,105.7,2285,20664,227942,2.7
1996,8,14587,335.9,153.1,80.3,101242.59,6.15,106.5,2285,18428.33,228680.33,2.7
1996,9,14607,339.3,153.8,80.4,101763.89,6.4,107.1,2287,16192.67,229418.67,2.7
1996,10,14627,335.6,153.8,80.5,102285.19,6.65,107,2262,13957,230157,3
1996,11,14647,339.1,153.9,80.6,102475.45,6.9,107.5,2229,12531.33,230945.33,3.1
1996,12,14667,341.9,154.4,80.7,102665.71,7.15,108.1,2181,11105.67,231733.67,2.8
1997,1,14687,335.1,154.4,81.07,102855.98,7.4,108.5,2131,9680,232522,2.6
1997,2,14755,338.5,155,81.43,103997.24,7.47,108.6,2085,14094.33,233363.67,2.4
1997,3,14823,347,155.4,81.8,105138.5,7.53,107.3,2052,18508.67,234205.33,2.2
1997,4,14891,353.1,156.3,81.87,106279.76,7.6,107.9,2047,22923,235047,2.1
1997,5,14959,357.4,156.9,81.93,107349.19,7.67,107.2,2051,19869.33,237258.33,2.1
1997,6,15027,364.5,157.5,82,108418.61,7.73,107.4,2083,16815.67,239469.67,2.1
1997,7,15095,360.5,157.5,82.03,109488.04,7.8,109.3,2022,13762,241681,2.4
1997,8,15163,362.1,158.5,82.07,109839.82,7.87,107.3,1951,13815,241021.67,2.3
1997,9,15231,364.8,159.3,82.1,110191.59,7.93,107.8,1909,13868,240362.33,2.2
1997,10,15299,358.9,159.5,82.23,110543.37,8,108.5,1887,13921,239703,2.2
1997,11,15367,362.7,159.6,82.37,111066.2,8.07,108.9,1864,16218.67,240835.67,2.1
1997,12,15435,364,160,82.5,111589.03,8.13,108.5,1821,18516.33,241968.33,1.9
1998,1,15503,352.8,159.5,82.77,112111.86,8.2,108.9,1816,20814,243101,1.8
1998,2,15625.92,350.9,160.3,83.03,112784.09,8.06,109.7,1813,19562.33,243887.33,1.8
1998,3,15748.83,358.6,160.8,83.3,113456.33,7.92,110.2,1799,18310.67,244673.67,1.9
1998,4,15871.75,355.3,162.6,83.57,114128.57,7.78,110.1,1787,17059,245460,2.1
1998,5,15994.67,358.8,163.5,83.83,114670.32,7.63,109.2,1791,13047.33,246252.33,2.2
1998,6,16117.58,365.2,163.4,84.1,115212.07,7.49,109.3,1800,9035.67,247044.67,1.9
1998,7,16240.5,360.6,163,84.23,115753.82,7.35,109.6,1807,5024,247837,1.7
1998,8,16363.42,362,163.7,84.37,115550.98,7.21,108.8,1786,7828.33,250171.33,1.6
1998,9,16486.33,363.4,164.4,84.5,115348.14,7.07,108.8,1782,10632.67,252505.67,1.7
1998,10,16609.25,356.3,164.5,84.63,115145.3,6.93,108.9,1768,13437,254840,1.6
1998,11,16732.17,358.8,164.4,84.77,115986.41,6.78,108.8,1764,14752.67,255349,1.7
1998,12,16855.08,361.2,164.4,84.9,116827.51,6.64,109.1,1790,16068.33,255858,1.9
1999,1,16978,349.4,163.4,84.9,117668.62,6.5,108.6,1794,17384,256367,2
1999,2,17041.17,349.1,163.7,84.9,118714.29,6.53,108.6,1780,17253.33,255811,1.9
1999,3,17104.33,357.8,164.1,84.9,119759.96,6.57,109.5,1773,17122.67,255255,2.1
1999,4,17167.5,354.9,165.2,84.93,120805.64,6.6,108.4,1760,16992,254699,2
1999,5,17230.67,356.8,165.6,84.97,122125.13,6.63,109.3,1743,16687.67,255793.33,1.7
1999,6,17293.83,362.8,165.6,85,123444.62,6.67,110,1723,16383.33,256887.67,1.8
1999,7,17357,356.7,165.1,85.4,124764.11,6.7,110.3,1705,16079,257982,1.7
1999,8,17420.17,356.4,165.5,85.8,125754.73,6.73,112,1702,16186,259358,1.6
1999,9,17483.33,357.5,166.2,86.2,126745.35,6.77,112.3,1687,16293,260734,1.6
1999,10,17546.5,348.9,166.5,86.5,127735.97,6.8,112.1,1693,16400,262110,1.5
1999,11,17609.67,349.6,166.7,86.8,129305.25,6.83,112.5,1684,14554.67,264140.67,1.5
1999,12,17672.83,364.4,167.3,87.1,130874.52,6.87,111.6,1702,12709.33,266171.33,1.5
2000,1,17736,344.8,166.6,87.33,132443.8,6.9,111.4,1685,10864,268202,1.2
2000,2,17803.58,341.8,167.5,87.57,133596.37,6.9,112.7,1682,14865.33,269425.33,1.2
2000,3,17871.17,349.3,168.4,87.8,134748.95,6.9,112.5,1655,18866.67,270648.67,1
2000,4,17938.75,342.6,170.1,87.8,135901.52,6.9,112.1,1640,22868,271872,0.9
2000,5,18006.33,330.6,170.7,87.8,135673.73,6.9,112.5,1599,22160.67,272619.67,1
2000,6,18073.92,337.7,171.1,87.8,135445.94,6.9,113.1,1551,21453.33,273367.33,1.2
2000,7,18141.5,330.2,170.5,87.77,135218.15,6.9,111.8,1529,20746,274115,1.2
2000,8,18209.08,329.8,170.5,87.73,135313.15,6.9,113.1,1548,19076.67,274460.67,1
2000,9,18276.67,321.9,171.7,87.7,135408.16,6.9,111.9,1571,17407.33,274806.33,1.3
2000,10,18344.25,315.6,171.6,87.73,135503.16,6.9,112.1,1540,15738,275152,1.4
2000,11,18411.83,317.6,172.1,87.77,136856.6,6.9,113.1,1520,19769.33,275947.67,1.5
2000,12,18479.42,328.2,172.2,87.8,138210.04,6.9,112.7,1504,23800.67,276743.33,1.2
2001,1,18547,311.6,171.1,88.07,139563.48,6.9,112.6,1516,27832,277539,1.2
2001,2,18605,309.5,172,88.33,141005.62,6.57,111.8,1481,25011.67,279205.33,1.2
2001,3,18663,316.7,172.2,88.6,142447.76,6.23,112,1459,22191.33,280871.67,1.3
2001,4,18721,313.2,173.1,88.77,143889.9,5.9,110.6,1431,19371,282538,1.5
2001,5,18779,316.5,174.2,88.93,145728.06,5.57,110.7,1468,12840.67,282838.67,1.9
2001,6,18837,324.6,174.4,89.1,147566.22,5.23,111,1472,6310.33,283139.33,1.9
2001,7,18895,316.8,173.3,89.27,149404.38,4.9,109.8,1483,-220,283440,1.7
2001,8,18953,316,174,89.43,150274.44,4.57,111.8,1487,1715,284268.67,2.1
2001,9,19011,318.2,174.6,89.6,151144.51,4.23,110.5,1487,3650,285097.33,1.7
2001,10,19069,313,174.3,89.6,152014.58,3.9,109.4,1495,5585,285926,1.6
2001,11,19127,318.4,173.6,89.6,153530.44,3.57,109,1520,5924.67,287120,1.2
2001,12,19185,328.8,173.4,89.6,155046.3,3.23,109.3,1518,6264.33,288314,1.4
2002,1,19243,317.4,173.3,89.7,156562.16,2.9,109.2,1508,6604,289508,1.8
2002,2,19283.33,315,173.8,89.8,160343.96,2.98,109.3,1515,10825,290711.33,1.7
2002,3,19323.67,323.1,174.5,89.9,164125.76,3.07,110.3,1522,15046,291914.67,1.7
2002,4,19364,321.5,175.7,89.97,167907.56,3.15,109.9,1542,19267,293118,1.6
2002,5,19404.33,324.2,176.2,90.03,171667.16,3.23,111.4,1520,17862.67,294596.33,1.2
2002,6,19444.67,331.3,176.2,90.1,175426.77,3.32,106.2,1527,16458.33,296074.67,1.1
2002,7,19485,325.4,175.9,90.33,179186.38,3.4,108.6,1539,15054,297553,1.4
2002,8,19525.33,328.1,176.4,90.57,181379.26,3.48,109.6,1566,12644.67,299294.33,1.3
2002,9,19565.67,334.5,177.6,90.8,183572.14,3.57,109.4,1546,10235.33,301035.67,1.2
2002,10,19606,341.1,177.9,90.87,185765.03,3.65,108.8,1532,7826,302777,1.5
2002,11,19646.33,347.1,178.2,90.93,187542.82,3.73,108.5,1516,9488,304233.67,1.6
2002,12,19686.67,358.8,178.5,91,189320.61,3.82,108.6,1480,11150,305690.33,1.7
2003,1,19727,345.4,178.4,91.23,191098.4,3.9,107.6,1517,12812,307147,1.4
2003,2,19769.92,344.2,179.3,91.47,193218.36,3.99,108.4,1531,10310.33,308041.67,1.6
2003,3,19812.83,356.2,179.9,91.7,195338.33,4.08,108.4,1517,7808.67,308936.33,1.6
2003,4,19855.75,349.2,181.2,91.9,197458.29,4.18,107.8,1486,5307,309831,1.5
2003,5,19898.67,353.8,181.5,92.1,199569.67,4.27,107.6,1467,9946.33,311405.33,1.3
2003,6,19941.58,362.2,181.3,92.3,201681.05,4.36,108.4,1506,14585.67,312979.67,1.2
2003,7,19984.5,357.8,181.3,92.53,203792.43,4.45,108.8,1504,19225,314554,1.3
2003,8,20027.42,361.1,181.6,92.77,205539.16,4.54,108.7,1502,19356,316474.33,1.4
2003,9,20070.33,369.8,182.5,93,207285.89,4.63,108.6,1473,19487,318394.67,1.3
2003,10,20113.25,369.1,182.6,93.17,209032.62,4.73,109.6,1461,19618,320315,1.3
2003,11,20156.17,376.1,182.7,93.33,211344.64,4.82,108.8,1457,17478.33,321147.33,1.3
2003,12,20199.08,390.2,183.5,93.5,213656.67,4.91,109.5,1442,15338.67,321979.67,1.3
2004,1,20242,376,183.1,93.47,215968.69,5,109,1436,13199,322812,1.5
2004,2,20397.33,376.8,183.8,93.43,219822.92,4.88,108.9,1434,13334.67,324604,1.4
2004,3,20552.67,391,184.6,93.4,223677.15,4.75,111,1437,13470.33,326396,1.2
2004,4,20708,399.9,185.7,93.53,227531.38,4.63,110.4,1435,13606,328188,1.1
2004,5,20863.33,405.4,186.5,93.67,229635.54,4.5,109.8,1437,13091.33,328614.67,1.4
2004,6,21018.67,417.2,186.8,93.8,231739.69,4.38,109.8,1423,12576.67,329041.33,1.5
2004,7,21174,410.9,186.8,93.73,233843.84,4.25,108.1,1405,12062,329468,1.4
2004,8,21329.33,413.7,187.4,93.67,232590.45,4.13,108.1,1401,16782.67,330440.67,1.4
2004,9,21484.67,423.6,188.1,93.6,231337.06,4,108.3,1397,21503.33,331413.33,1.2
2004,10,21640,421.7,188.6,93.53,230083.67,3.88,108.6,1407,26224,332386,1.3
2004,11,21795.33,433.3,189,93.47,230044.96,3.75,109.1,1423,21951.33,333906.33,1.5
2004,12,21950.67,448.7,189.9,93.4,230006.25,3.63,109.2,1425,17678.67,335426.67,1.8
2005,1,22106,432.5,188.9,93.57,229967.54,3.5,108.8,1447,13406,336947,1.7
2005,2,22179.92,432.6,189.6,93.73,231421.6,3.7,109,1416,12404.33,339838.33,1.7
2005,3,22253.83,446.5,190.5,93.9,232875.67,3.9,106.9,1420,11402.67,342729.67,2
2005,4,22327.75,445.4,191.6,94.27,234329.73,4.1,109.3,1436,10401,345621,1.9
2005,5,22401.67,449.5,192,94.63,234111.65,4.3,109.5,1437,9498.67,346728.67,1.9
2005,6,22475.58,461.1,192.2,95,233893.58,4.5,109.3,1424,8596.33,347836.33,2
2005,7,22549.5,454.9,192.2,95.3,233675.5,4.7,108.7,1420,7694,348944,2.3
2005,8,22623.42,460.1,192.6,95.6,233115.23,4.9,107.8,1437,14385.33,351709.67,2.4
2005,9,22697.33,471.6,193.1,95.9,232554.97,5.1,107.3,1500,21076.67,354475.33,2.5
2005,10,22771.25,467.6,193.3,96.5,231994.7,5.3,107.2,1538,27768,357241,2.4
2005,11,22845.17,476,193.6,97.1,233232.39,5.5,108.5,1567,22752.67,358449.67,2.2
2005,12,22919.08,492.2,194.1,97.7,234470.08,5.7,109.7,1551,17737.33,359658.33,2.1
2006,1,22993,469.6,193.4,97.53,235707.78,5.9,109.7,1584,12722,360867,2.2
2006,2,23134.92,471.7,194.2,97.37,236627.34,5.9,109.2,1604,17698.33,362079,2.2
2006,3,23276.83,487.2,195,97.2,237546.9,5.9,109.5,1633,22674.67,363291,2
2006,4,23418.75,485.9,196.5,97.13,238466.46,5.9,108.7,1664,27651,364503,2.2
2006,5,23560.67,494.6,197.7,97.07,239423.99,5.9,108.7,1685,24634.33,365845,2.4
2006,6,23702.58,508.1,198.5,97,240381.52,5.9,109.3,1698,21617.67,367187,2.6
2006,7,23844.5,496,198.5,96.93,241339.04,5.9,108.3,1690,18601,368529,2.5
2006,8,23986.42,500.2,199.2,96.87,242203.65,5.9,109.3,1693,18393,369687,2.6
2006,9,24128.33,512.7,200.1,96.8,243068.26,5.9,109.6,1691,18185,370845,2.5
2006,10,24270.25,504.8,200.4,96.87,243932.86,5.9,109.2,1674,17977,372003,2.5
2006,11,24412.17,513,201.1,96.93,244927.99,5.9,109.7,1701,17114,373944.33,2.8
2006,12,24554.08,527.3,202.7,97,245923.11,5.9,108.7,1703,16251,375885.67,2.9
2007,1,24696,506.2,201.6,97.37,246918.24,5.9,110,1708,15388,377827,2.7
2007,2,24750.08,507,203.1,97.73,248487.95,5.58,109.3,1704,17302,379089.67,2.7
2007,3,24804.17,523.6,204.4,98.1,250057.66,5.27,109.4,1692,19216,380352.33,2.9
2007,4,24858.25,520.9,205.4,98.23,251627.38,4.95,108.8,1670,21130,381615,2.7
2007,5,24912.33,528.6,206.2,98.37,252369.76,4.63,110.6,1658,28285,383918,2.5
2007,6,24966.42,540.1,207.3,98.5,253112.14,4.32,109.3,1645,35440,386221,2.5
2007,7,25020.5,527.4,206.1,98.6,253854.52,4,109,1645,42595,388524,2
2007,8,25074.58,532.1,207.3,98.7,252687.52,3.68,109.7,1650,29869.33,390174.67,2
2007,9,25128.67,541.2,208,98.8,251520.52,3.37,108.6,1629,17143.67,391825.33,2
2007,10,25182.75,537.1,208.9,98.9,250353.52,3.05,109.6,1633,4418,393476,2.3
2007,11,25236.83,547,209.7,99,247767.6,2.73,109.8,1608,6491.67,395329,2.2
2007,12,25290.92,562.5,210.9,99.1,245181.68,2.42,109.6,1617,8565.33,397182,2.3
2008,1,25345,540.3,209.8,99.13,242595.76,2.1,109.8,1622,10639,399035,2.4
2008,2,25368.92,544.9,211.4,99.17,238874.93,1.94,110.1,1622,11157,398381.67,2.6
2008,3,25392.83,557.2,212.1,99.2,235154.11,1.78,108,1667,11675,397728.33,2.6
2008,4,25416.75,559.2,214,98.93,231433.29,1.63,109.5,1625,12193,397075,3
2008,5,25440.67,570.6,215.1,98.67,226605.33,1.47,108.3,1680,15692.67,396258.67,3.3
2008,6,25464.58,589.5,216.8,98.4,221777.38,1.31,107.5,1724,19192.33,395442.33,3.7
2008,7,25488.5,615.9,216.5,98.07,216949.43,1.15,106.9,1793,22692,394626,4.2
2008,8,25512.42,626.9,217.2,97.73,213894.51,0.99,108,1840,8626,392770.67,4.4
2008,9,25536.33,665.1,218.4,97.4,210839.6,0.83,106.9,1875,-5440,390915.33,4.8
2008,10,25560.25,672.5,217.7,96.83,207784.68,0.68,105.1,1941,-19506,389060,4.2
2008,11,25584.17,684.9,216,96.27,206083,0.52,101.7,2003,-10336.33,386994.67,3.8
2008,12,25608.08,733.8,212.9,95.7,204381.31,0.36,100.3,2057,-1166.67,384929.33,3
2009,1,25632,731.9,210.1,95.27,202679.62,0.2,97.6,2128,8003,382864,2.9
2009,2,25677.08,740.7,211.4,94.83,204089.83,0.29,97.5,2235,17647.33,382728.33,3.1
2009,3,25722.17,768.3,211.3,94.4,205500.04,0.38,97.1,2296,27291.67,382592.67,2.8
2009,4,25767.25,783.4,211.5,94.6,206910.26,0.48,98.6,2395,36936,382457,2.3
2009,5,25812.33,804.9,212.8,94.8,209035.78,0.57,96.8,2448,31455.33,383461,2.1
2009,6,25857.42,830.6,213.4,95,211161.31,0.66,97.5,2478,25974.67,384465,1.7
2009,7,25902.5,836.5,213.4,95.07,213286.83,0.75,97.8,2484,20494,385469,1.6
2009,8,25947.58,839.8,214.4,95.13,213326.28,0.84,95.6,2475,21857.67,385787,1.4
2009,9,25992.67,859.7,215.3,95.2,213365.73,0.93,96.5,2484,23221.33,386105,1
2009,10,26037.75,868,216,95.23,213405.19,1.03,97.2,2455,24585,386423,1.2
2009,11,26082.83,883.3,216.6,95.27,212961.23,1.12,97.8,2453,18588.33,387996,1.5
2009,12,26127.92,940.3,218,95.3,212517.27,1.21,97.6,2434,12591.67,389569,2.1
2010,1,26173,977.1,217.9,95.57,212073.31,1.3,97.9,2496,6595,391142,2.6
2010,2,26279.58,984.3,219.2,95.83,213228.41,1.33,98.9,2526,6272,393177.33,2.1
2010,3,26386.17,1011.9,220.7,96.1,214383.51,1.35,100.8,2510,5949,395212.67,2.4
2010,4,26492.75,1017.9,222.8,96.2,215538.61,1.38,100.6,2508,5626,397248,2.7
2010,5,26599.33,1031.4,223.6,96.3,214639.87,1.4,100.5,2488,12825.67,397464.33,2.5
2010,6,26705.92,1053.5,224.1,96.4,213741.12,1.43,99.7,2488,20025.33,397680.67,2.4
2010,7,26812.5,1057.8,223.6,96.43,212842.38,1.45,100,2476,27225,397897,2.3
2010,8,26919.08,1067.2,224.5,96.47,210223.5,1.48,100.8,2470,27514,398991,2.4
2010,9,27025.67,1092.1,225.3,96.5,207604.62,1.5,101,2513,27803,400085,2.4
2010,10,27132.25,1094.7,225.8,96.63,204985.74,1.53,101.4,2502,28092,401179,2.5
2010,11,27238.83,1112.4,226.8,96.77,203587.45,1.55,101.8,2503,22385,404501.33,2.6
2010,12,27345.42,1138.4,228.4,96.9,202189.15,1.58,101.7,2524,16678,407823.67,3.1
2011,1,27452,1125.1,229,96.97,200790.85,1.6,102.3,2492,10971,411146,3.4
2011,2,27435.75,1132.9,231.3,97.03,201427.75,1.63,100.2,2483,10688,410359.67,3.7
2011,3,27419.5,1157.6,232.5,97.1,202064.64,1.65,100.2,2462,10405,409573.33,3.5
2011,4,27403.25,1162.1,234.4,97.1,202701.54,1.68,99.5,2500,10122,408787,3.8
2011,5,27387,1172.4,235.2,97.1,202262.36,1.7,100.1,2540,7573.67,409278.67,3.8
2011,6,27370.75,1192.6,235.2,97.1,201823.19,1.73,100.1,2556,5025.33,409770.33,3.6
2011,7,27354.5,1185.6,234.7,97.3,201384.01,1.75,99.7,2612,2477,410262,3.8
2011,8,27338.25,1202.2,236.1,97.5,199986,1.78,99.4,2664,1895.33,411625,3.9
2011,9,27322,1210.1,237.9,97.7,198587.99,1.8,99.2,2680,1313.67,412988,4.5
2011,10,27305.75,1210.1,238,97.67,197189.98,1.83,99.3,2708,732,414351,4.3
2011,11,27289.5,1220.6,238.5,97.63,196096.25,1.85,98.9,2684,6195.67,415401.33,4.1
2011,12,27273.25,1242.4,239.4,97.6,195002.53,1.88,98.8,2670,11659.33,416451.67,3.7
2012,1,27257,1226.7,238,97.73,193908.8,1.9,98.9,2653,17123,417502,3.2
2012,2,27403.5,1234.9,239.9,97.87,194092.38,2.01,98.8,2633,14208,417700.67,3.1
2012,3,27550,1253.1,240.8,98,194275.96,2.12,97.8,2624,11293,417899.33,3.1
2012,4,27696.5,1253.5,242.5,97.7,194459.54,2.23,97.4,2605,8378,418098,2.8
2012,5,27843,1264.3,242.4,97.4,193810.65,2.33,98,2582,11695,421648,2.5
2012,6,27989.5,1283.8,241.8,97.1,193161.75,2.44,96.4,2600,15012,425198,2.3
2012,7,28136,1284.1,242.1,97.33,192512.86,2.55,99,2550,18329,428748,2.4
2012,8,28282.5,1286.1,243,97.57,191374.77,2.66,98.4,2538,16156.33,429188.33,2.3
2012,9,28429,1303.7,244.2,97.8,190236.68,2.77,95,2534,13983.67,429628.67,2.1
2012,10,28575.5,1313.9,245.6,97.57,189098.59,2.88,94.2,2530,11811,430069,2.4
2012,11,28722,1328.2,245.6,97.33,188792.57,2.98,95.5,2535,9657.33,431042.33,2.4
2012,12,28868.5,1350.7,246.8,97.1,188486.54,3.09,96,2537,7503.67,432015.67,2.4
2013,1,29015,1332.1,245.8,97.33,188180.51,3.2,95.3,2587,5350,432989,2.4
2013,2,29145.17,1337.6,247.6,97.57,189218.31,3.22,95.4,2541,10615.67,434095,2.5
2013,3,29275.33,1363.6,248.7,97.8,190256.1,3.23,95.9,2530,15881.33,435201,2.5
2013,4,29405.5,1367.1,249.5,97.77,191293.9,3.25,95.7,2511,21147,436307,2.2
2013,5,29535.67,1382.5,250,97.73,192363.4,3.27,96.1,2515,19165.33,438986.67,2.4
2013,6,29665.83,1397,249.7,97.7,193432.9,3.28,96.9,2492,17183.67,441666.33,2.6
2013,7,29796,1393.6,249.7,97.77,194502.4,3.3,96.9,2502,15202,444346,2.5
2013,8,29926.17,1399.4,251,97.83,195420.85,3.32,96.3,2481,12360,445465.67,2.4
2013,9,30056.33,1415.4,251.9,97.9,196339.29,3.33,97.2,2403,9518,446585.33,2.4
2013,10,30186.5,1416.9,251.9,97.87,197257.73,3.35,97.1,2338,6676,447705,2
2013,11,30316.67,1431.9,252.1,97.83,198274.62,3.37,97,2358,10712.67,449764.33,1.9
2013,12,30446.83,1453.3,253.4,97.8,199291.51,3.38,97.5,2341,14749.33,451823.67,1.9
2014,1,30577,1441.3,252.6,97.87,200308.4,3.4,97.1,2260,18786,453883,1.8
2014,2,30676.08,1447.4,254.2,97.93,202890.98,3.44,97.5,2213,13777,456154,1.6
2014,3,30775.17,1464.4,254.8,98,205473.56,3.48,97.6,2167,8768,458425,1.5
2014,4,30874.25,1469,255.7,98.13,208056.14,3.53,97.7,2110,3759,460696,1.7
2014,5,30973.33,1483.3,255.9,98.27,208652.63,3.57,97.8,2061,5766,462040.67,1.5
2014,6,31072.42,1500.8,256.3,98.4,209249.12,3.61,97.8,2009,7773,463385.33,1.8
2014,7,31171.5,1496.4,256,98.6,209845.61,3.65,98.2,1968,9780,464730,1.6
2014,8,31270.58,1500.4,257,98.8,209780.46,3.69,97.7,1957,-72,464815.33,1.5
2014,9,31369.67,1518.1,257.6,99,209715.3,3.73,98.3,1952,-9924,464900.67,1.3
2014,10,31468.75,1523.8,257.7,99.17,209650.15,3.78,98.1,1922,-19776,464986,1.3
2014,11,31567.83,1532.4,257.1,99.33,209760.87,3.82,98.4,1872,-11061,465755.67,1.1
2014,12,31666.92,1556.5,257.5,99.5,209871.58,3.86,98.5,1861,-2346,466525.33,0.7
2015,1,31766,1534.5,255.4,99.37,209982.3,3.9,98.4,1845,6369,467295,0.5
2015,2,31879.67,1538.1,256.7,99.23,211509.54,3.94,98.8,1830,6274.33,469939.67,0.4
2015,3,31993.33,1554.7,257.1,99.1,213036.78,3.98,99.3,1822,6179.67,472584.33,0.3
2015,4,32107,1553.7,258,99.4,214564.02,4.03,99.4,1847,6085,475229,0.3
2015,5,32220.67,1565.8,258.5,99.7,214884.55,4.07,99.6,1848,8890.33,475333,0.4
2015,6,32334.33,1580.7,258.9,100,215205.08,4.11,99.5,1820,11695.67,475437,0.3
2015,7,32448,1573.6,258.6,99.87,215525.62,4.15,98.7,1772,14501,475541,0.5
2015,8,32561.67,1572.7,259.8,99.73,215812.23,4.19,99.3,1752,9877.67,476285.33,0.4
2015,9,32675.33,1589.6,259.6,99.6,216098.84,4.23,99.7,1713,5254.33,477029.67,0.2
2015,10,32789,1592.3,259.5,99.53,216385.46,4.28,99.5,1684,631,477774,0.2
2015,11,32902.67,1599.5,259.8,99.47,216942.02,4.32,98.5,1692,-5559.67,480291.33,0.4
2015,12,33016.33,1608.9,260.6,99.4,217498.58,4.36,97.8,1688,-11750.33,482808.67,0.5
2016,1,33130,1588.8,258.8,99.47,218055.14,4.4,98.7,1705,-17941,485326,0.6
2016,2,33243.67,1586.6,260,99.53,219504.73,4.44,98.7,1693,-5516.33,486715.33,0.6
2016,3,33357.33,1602.6,261.1,99.6,220954.32,4.48,98.7,1676,6908.33,488104.67,0.8
2016,4,33471,1607.4,261.4,99.57,222403.91,4.53,101.3,1647,19333,489494,0.7
2016,5,33584.67,1614.9,262.1,99.53,222602.01,4.57,100.3,1640,14607,490906,0.7
2016,6,33698.33,1624.9,263.1,99.5,222800.11,4.61,99.9,1630,9881,492318,0.8
2016,7,33812,1614.3,263.4,99.67,222998.21,4.65,100.1,1658,5155,493730,0.9
2016,8,33925.67,1622.3,264.4,99.83,222404.33,4.69,100.1,1606,-631.33,496144.67,1
2016,9,34039.33,1640,264.9,100,221810.45,4.73,100.1,1612,-6417.67,498559.33,1.3
2016,10,34153,1642.6,264.8,100.27,221216.56,4.78,98.8,1600,-12204,500974,1.3
2016,11,34266.67,1662.6,265.5,100.53,220952.22,4.82,101,1594,-12176.67,502992,1.5
2016,12,34380.33,1697.2,267.1,100.8,220687.88,4.86,102.2,1580,-12149.33,505010,1.8
2017,1,34494,1681.1,265.5,100.8,220423.53,4.9,101.7,1559,-12122,507028,1.9
2017,2,34607.67,1694.5,268.4,100.8,220553.97,4.94,100.8,1541,-678.33,507641.67,2.3
2017,3,34721.33,1726.7,269.3,100.8,220684.42,4.98,100.4,1530,10765.33,508255.33,2.3
2017,4,34835,1720.3,270.6,100.77,220814.86,5.03,100.7,1495,22209,508869,2.6
2017,5,34948.67,1736.7,271.7,100.73,220680.31,5.07,101.3,1484,19150,510665.33,2.7
2017,6,35062.33,1759.3,272.3,100.7,220545.75,5.11,101.7,1455,16091,512461.67,2.6
2017,7,35176,1760,272.9,100.87,220411.2,5.15,101.9,1443,13032,514258,2.6
2017,8,35289.67,1766,274.7,101.03,219744.12,5.19,101.8,1425,12249.33,515996.67,2.7
2017,9,35403.33,1786.1,275.1,101.2,219077.04,5.23,103.1,1429,11466.67,517735.33,2.8
2017,10,35517,1789.7,275.3,101.27,218409.96,5.28,103.1,1439,10684,519474,2.8
2017,11,35630.67,1735.8,275.8,101.33,218244.68,5.32,103.2,1470,3318.33,520444,2.8
2017,12,35744.33,1760.3,278.1,101.4,218079.4,5.36,102.3,1453,-4047.33,521414,2.7
2018,1,35858,1741.6,276,101.2,217914.11,5.4,103,1423,-11413,522384,2.7
2018,2,35859,1762.9,278.1,101,218056.64,5.44,103.1,1425,-8765.67,524082.33,2.5
2018,3,35860,1778.9,278.3,100.8,218199.16,5.48,102.9,1416,-6118.33,525780.67,2.3
2018,4,35861,1777.1,279.7,100.9,218341.69,5.53,102.3,1411,-3471,527479,2.2
2018,5,35862,1780.9,280.7,101,218160.08,5.57,101.9,1360,-6198.67,529301,2.3
2018,6,35863,1790.3,281.5,101.1,217978.47,5.61,102.8,1361,-8926.33,531123,2.3
2018,7,35864,1776.6,281.7,101.27,217796.86,5.65,103.1,1363,-11654,532945,2.3
2018,8,35865,1782.2,284.2,101.43,216590.67,5.69,103.2,1381,-9206.35,532946,2.4
2018,9,35866,1790.4,284.1,101.6,215384.47,5.73,102.6,1380,-9569.02,532947,2.2
2018,10,35867,1792.5,284.5,101.77,214178.28,5.78,102.1,1372,-9931.7,533858.5,2.2
2018,11,35868,1795.2,284.6,101.93,214179.28,5.82,101.7,1383.1,-10294.38,534405.8,2.2
2018,12,35887.78,1808.9,285.6,102.1,214180.28,5.86,101.15,1387,-10657.06,534953.1,2
